first_name,last_name,email,gender,ip_address
Emlyn,Landrieu,elandrieu0@narod.ru,Female,195.44.237.230
Denver,Neising,dneising1@seesaa.net,Genderqueer,2.217.30.75
Harley,Howsam,hhowsam2@reuters.com,Male,28.31.139.10
Jenni,Punton,jpunton3@kickstarter.com,Female,69.64.126.100
Chere,Glaister,cglaister4@bluehost.com,Male,109.13.212.251
Lisle,Galvin,lgalvin5@loc.gov,Polygender,110.136.13.254
Dev,Dyment,ddyment6@friendfeed.com,Genderfluid,254.138.68.37
Malanie,Novak,mnovak7@deliciousdays.com,Polygender,19.11.19.198
Leicester,Beckford,lbeckford8@yale.edu,Bigender,95.169.67.82
Gregoire,Yegorev,gyegorev9@over-blog.com,Polygender,252.86.12.9
Hiram,Glavias,hglaviasa@nhs.uk,Female,156.79.193.54
Barton,Gabler,bgablerb@blogs.com,Bigender,53.166.236.158
Catherin,Lyster,clysterc@nifty.com,Genderfluid,93.246.10.90
Yolane,Kapiloff,ykapiloffd@mashable.com,Male,153.233.49.12
Stacey,Seldner,sseldnere@exblog.jp,Male,118.234.74.159
Andromache,O'Fihily,aofihilyf@princeton.edu,Male,222.132.130.69
Aylmar,Mayward,amaywardg@unesco.org,Agender,67.98.43.87
Nonie,De Brett,ndebretth@mit.edu,Male,166.167.253.169
Colly,Bassam,cbassami@jalbum.net,Genderfluid,13.177.131.7
Candy,Badsworth,cbadsworthj@cbsnews.com,Bigender,84.6.61.186
Lou,Ranner,lrannerk@artisteer.com,Genderqueer,240.100.244.161
Corine,Bissett,cbissettl@phpbb.com,Bigender,54.198.32.57
Marrilee,Stannion,mstannionm@boston.com,Agender,135.182.23.64
Priscella,Schirak,pschirakn@ft.com,Non-binary,218.114.194.68
Guglielmo,Sybbe,gsybbeo@redcross.org,Male,197.202.147.104
Milty,Gantlett,mgantlettp@taobao.com,Male,53.127.169.28
Arin,Rentoll,arentollq@4shared.com,Bigender,2.218.62.96
Jacquelyn,Bramall,jbramallr@360.cn,Genderqueer,241.19.112.144
Bruis,Woodcroft,bwoodcrofts@chron.com,Bigender,111.194.63.107
Mignon,Itzkovsky,mitzkovskyt@surveymonkey.com,Polygender,107.40.211.186
Linell,Bremond,lbremondu@google.ru,Male,32.244.140.52
Thebault,MacPhaden,tmacphadenv@gmpg.org,Agender,50.46.188.28
Cullen,Bullar,cbullarw@deliciousdays.com,Male,121.73.179.183
Vernor,Coade,vcoadex@wisc.edu,Polygender,8.94.156.253
Delbert,Oldaker,doldakery@google.co.uk,Male,160.159.90.141
Cindee,Curds,ccurdsz@amazon.com,Agender,143.118.253.103
Cesare,Shepstone,cshepstone10@digg.com,Bigender,147.115.219.169
Felecia,Abramof,fabramof11@addthis.com,Genderqueer,114.181.45.92
Obidiah,Starkey,ostarkey12@paypal.com,Genderfluid,83.104.143.242
Fraser,Tropman,ftropman13@google.cn,Female,152.50.128.86
Andy,Pettican,apettican14@free.fr,Genderqueer,136.6.220.146
Milli,Reven,mreven15@omniture.com,Female,39.85.58.234
Amos,Boate,aboate16@smugmug.com,Female,76.98.209.6
Erie,Keeffe,ekeeffe17@jigsy.com,Agender,177.180.23.42
Antons,Lermit,alermit18@over-blog.com,Genderqueer,166.143.236.115
Pris,Scholling,pscholling19@over-blog.com,Bigender,153.57.2.213
Ricardo,Schultes,rschultes1a@devhub.com,Female,139.119.220.147
Bev,Kuban,bkuban1b@auda.org.au,Non-binary,113.57.197.238
Eolande,Leopold,eleopold1c@51.la,Bigender,200.52.134.64
Gussy,Kee,gkee1d@weather.com,Male,6.236.94.112
Alfi,Giacometti,agiacometti1e@nih.gov,Non-binary,114.5.48.180
Reinald,Gulston,rgulston1f@examiner.com,Non-binary,76.33.62.176
Kayle,Tripp,ktripp1g@blogger.com,Genderfluid,201.248.240.187
Kenton,Merrgan,kmerrgan1h@liveinternet.ru,Polygender,180.153.210.230
Griswold,Orleton,gorleton1i@pagesperso-orange.fr,Agender,22.15.141.152
Janenna,MacLoughlin,jmacloughlin1j@archive.org,Male,76.222.54.70
Bunnie,Bennetto,bbennetto1k@jimdo.com,Bigender,31.156.91.103
Wilmette,Ouver,wouver1l@addtoany.com,Non-binary,235.79.19.141
Rosabella,Dominick,rdominick1m@harvard.edu,Agender,186.186.125.251
Malory,Filyushkin,mfilyushkin1n@stumbleupon.com,Agender,89.215.89.81
Martica,De Roeck,mderoeck1o@elpais.com,Female,196.188.84.130
Henrieta,Heaney,hheaney1p@smh.com.au,Non-binary,145.32.10.13
Bartholomew,Manson,bmanson1q@ucoz.com,Non-binary,181.95.245.134
Michelle,Goundrill,mgoundrill1r@amazon.com,Female,102.148.60.3
Christen,Emlen,cemlen1s@utexas.edu,Non-binary,158.173.225.95
Bryn,Thieme,bthieme1t@scribd.com,Male,84.252.163.50
Jonell,Glossop,jglossop1u@mapy.cz,Genderqueer,105.80.26.164
Florina,Mottinelli,fmottinelli1v@tiny.cc,Genderfluid,36.32.166.115
Dorene,Riste,driste1w@people.com.cn,Female,157.222.100.92
Murielle,Betty,mbetty1x@usnews.com,Male,221.178.195.95
Thornie,Pashe,tpashe1y@sakura.ne.jp,Female,210.68.97.187
Juliet,Gindghill,jgindghill1z@spotify.com,Male,85.170.153.107
Field,Basillon,fbasillon20@goo.gl,Genderfluid,207.70.251.216
Kevyn,Durnell,kdurnell21@woothemes.com,Female,195.19.113.129
Yasmin,Draxford,ydraxford22@mapquest.com,Agender,245.99.65.131
Madlin,Darrigone,mdarrigone23@squidoo.com,Agender,223.251.93.148
Nicolai,Corstan,ncorstan24@wikipedia.org,Polygender,162.235.221.35
Francklin,Bissell,fbissell25@cnn.com,Agender,179.89.88.223
Zola,Camock,zcamock26@nih.gov,Bigender,170.199.102.97
Rayshell,Thormann,rthormann27@blogtalkradio.com,Genderfluid,180.81.25.79
Amalea,Dade,adade28@blog.com,Male,85.233.97.99
Kitti,Ponton,kponton29@nhs.uk,Bigender,71.131.149.235
Chandal,Fairall,cfairall2a@cdbaby.com,Genderqueer,42.87.0.23
Vincenty,Lewry,vlewry2b@chicagotribune.com,Genderfluid,205.41.82.222
Valentine,Ewings,vewings2c@furl.net,Polygender,115.223.212.149
Neila,Frayn,nfrayn2d@tinypic.com,Female,125.86.255.35
Zollie,Jozaitis,zjozaitis2e@oakley.com,Agender,12.19.162.46
Melisandra,Sparway,msparway2f@wikipedia.org,Male,63.241.91.210
Dian,Martinat,dmartinat2g@netscape.com,Genderfluid,74.234.237.116
Lynelle,Obell,lobell2h@myspace.com,Male,168.72.174.14
Margaret,Brocklehurst,mbrocklehurst2i@discuz.net,Polygender,34.215.159.159
Brooks,Cowderay,bcowderay2j@ucoz.ru,Polygender,63.106.177.175
Katerina,Clothier,kclothier2k@sakura.ne.jp,Non-binary,165.224.72.42
Elita,Sapey,esapey2l@msu.edu,Bigender,134.5.27.43
Cookie,Crassweller,ccrassweller2m@cocolog-nifty.com,Male,231.3.53.13
Nikolia,Stiggles,nstiggles2n@addtoany.com,Agender,43.240.85.130
Giffie,Been,gbeen2o@canalblog.com,Female,157.217.224.104
Lay,Hounson,lhounson2p@economist.com,Agender,174.131.216.28
Brook,Patemore,bpatemore2q@newyorker.com,Non-binary,70.227.154.237
Daloris,Steele,dsteele2r@tamu.edu,Genderqueer,83.105.155.157
Reggie,Grime,rgrime2s@japanpost.jp,Female,113.47.31.114
Culver,Tuma,ctuma2t@dmoz.org,Male,241.0.97.229
Gabe,Wisdish,gwisdish2u@oracle.com,Male,92.50.222.190
Pat,McConaghy,pmcconaghy2v@state.gov,Male,173.197.57.61
Natka,Mates,nmates2w@posterous.com,Female,249.23.246.165
Courtnay,Rowlinson,crowlinson2x@photobucket.com,Genderqueer,189.246.44.156
Tatum,Edwardson,tedwardson2y@fc2.com,Genderqueer,70.244.33.239
Dehlia,Britten,dbritten2z@upenn.edu,Bigender,143.145.206.177
Rakel,Fulford,rfulford30@sciencedirect.com,Polygender,92.70.16.115
Jacquelin,Raithmill,jraithmill31@reuters.com,Male,251.68.129.150
Carmela,Eary,ceary32@artisteer.com,Agender,55.119.76.19
Salomone,Preon,spreon33@meetup.com,Genderqueer,130.146.160.241
Carl,Somerset,csomerset34@jigsy.com,Genderfluid,131.53.230.30
Standford,Antao,santao35@si.edu,Polygender,35.201.241.89
Moshe,Voice,mvoice36@oakley.com,Non-binary,113.127.108.4
Dane,Caillou,dcaillou37@reddit.com,Agender,195.91.116.43
Johannes,Pashenkov,jpashenkov38@reuters.com,Female,209.210.99.49
Arlie,Noblet,anoblet39@freewebs.com,Agender,198.139.214.88
Abagael,Haker,ahaker3a@ameblo.jp,Agender,49.246.199.3
Georgine,Philson,gphilson3b@prweb.com,Male,36.161.118.236
Kent,Pim,kpim3c@vistaprint.com,Female,8.214.99.255
Enos,Coping,ecoping3d@unblog.fr,Female,111.54.50.16
Jacky,Rosenbarg,jrosenbarg3e@uiuc.edu,Polygender,66.82.156.152
Lorinda,Stothart,lstothart3f@answers.com,Non-binary,79.252.234.133
Cob,Haughin,chaughin3g@economist.com,Male,10.47.113.68
Zulema,Sampson,zsampson3h@google.com.br,Female,128.103.102.52
Dione,Chiverton,dchiverton3i@myspace.com,Non-binary,117.153.28.209
Berky,Toping,btoping3j@google.es,Male,210.65.64.216
Araldo,Timmis,atimmis3k@miitbeian.gov.cn,Genderqueer,123.74.176.55
Henrietta,Sharman,hsharman3l@blog.com,Non-binary,55.200.43.191
Ludwig,Gainsbury,lgainsbury3m@plala.or.jp,Genderqueer,187.167.129.191
Babara,Plumbley,bplumbley3n@mtv.com,Agender,61.210.169.202
Regan,Campion,rcampion3o@unc.edu,Male,132.118.105.177
Aleda,Peck,apeck3p@canalblog.com,Male,69.99.127.116
Vivianne,Colerick,vcolerick3q@state.gov,Genderfluid,49.62.14.173
Graehme,Scriven,gscriven3r@biblegateway.com,Non-binary,16.228.8.34
Marge,De Rye Barrett,mderyebarrett3s@uiuc.edu,Female,183.231.100.23
Webb,Shemelt,wshemelt3t@chronoengine.com,Polygender,104.51.211.81
Britt,McGow,bmcgow3u@4shared.com,Genderfluid,21.174.35.175
Blair,Korda,bkorda3v@upenn.edu,Non-binary,41.90.164.247
Ignacius,Bignold,ibignold3w@google.com.au,Female,163.73.72.234
Romeo,Clout,rclout3x@bbb.org,Agender,12.175.147.210
Margarette,Mackneis,mmackneis3y@sun.com,Genderqueer,251.245.161.218
Alberik,Coley,acoley3z@weather.com,Agender,214.200.254.97
Erica,Corck,ecorck40@soup.io,Agender,24.18.66.199
Marshal,Swainger,mswainger41@prnewswire.com,Polygender,75.6.158.129
Twila,Pescott,tpescott42@buzzfeed.com,Genderqueer,132.227.18.209
Marie,Arlow,marlow43@ted.com,Female,97.54.38.146
Duffy,Wolfarth,dwolfarth44@noaa.gov,Female,8.38.66.187
Daveta,Cranch,dcranch45@mapquest.com,Bigender,180.81.89.13
Mahala,Fry,mfry46@jimdo.com,Genderfluid,247.75.255.198
Rustin,Pointin,rpointin47@uol.com.br,Genderfluid,27.178.125.175
Oneida,Croll,ocroll48@issuu.com,Non-binary,156.255.238.34
Sherline,Ramas,sramas49@aol.com,Female,66.76.213.104
Marline,Peakman,mpeakman4a@amazonaws.com,Genderfluid,153.68.171.72
Jaime,Vogeler,jvogeler4b@goo.gl,Polygender,124.166.72.246
Stanly,Dadley,sdadley4c@google.ru,Genderqueer,56.88.25.69
Rick,Sedworth,rsedworth4d@gov.uk,Agender,167.45.22.69
Glennie,Schuelcke,gschuelcke4e@biblegateway.com,Polygender,73.169.213.92
Gaby,Beckingham,gbeckingham4f@twitter.com,Genderfluid,163.58.146.37
Ebony,Dewane,edewane4g@discovery.com,Female,94.169.31.132
Bruis,Kubiak,bkubiak4h@dion.ne.jp,Polygender,106.13.110.4
Ingeborg,Overel,ioverel4i@nytimes.com,Non-binary,74.83.33.137
Randi,Gready,rgready4j@illinois.edu,Polygender,73.160.214.246
Rurik,Eley,reley4k@uol.com.br,Female,164.128.77.212
Ameline,Machel,amachel4l@mashable.com,Male,33.173.50.87
Latashia,Yglesia,lyglesia4m@linkedin.com,Genderfluid,136.180.148.199
Sissie,Petracco,spetracco4n@go.com,Genderqueer,0.203.245.224
Willetta,O'Doireidh,wodoireidh4o@cargocollective.com,Female,254.1.48.115
Dehlia,Crabb,dcrabb4p@w3.org,Genderfluid,128.188.65.13
Enrica,Filochov,efilochov4q@buzzfeed.com,Non-binary,11.39.209.228
Antonino,Ricardot,aricardot4r@usatoday.com,Non-binary,236.143.227.188
Kaile,Furber,kfurber4s@vkontakte.ru,Female,44.83.189.48
Charles,Sainteau,csainteau4t@angelfire.com,Male,247.34.243.162
Harriott,Krugmann,hkrugmann4u@intel.com,Female,195.65.15.159
Clarey,Broxis,cbroxis4v@ed.gov,Bigender,27.202.25.75
Tucky,Treamayne,ttreamayne4w@pinterest.com,Genderqueer,66.27.175.20
Alleyn,Andino,aandino4x@lycos.com,Genderqueer,38.70.105.95
Thornie,Garralts,tgarralts4y@umn.edu,Non-binary,130.24.12.246
Carly,Fruin,cfruin4z@jugem.jp,Polygender,212.136.209.130
Lammond,Isaacs,lisaacs50@china.com.cn,Polygender,53.33.237.94
Gilbertina,Jillett,gjillett51@linkedin.com,Non-binary,114.126.164.12
Arlie,Twycross,atwycross52@craigslist.org,Genderfluid,183.105.37.187
Nevile,Bowdrey,nbowdrey53@imgur.com,Genderqueer,211.15.64.82
Drake,Hourahan,dhourahan54@flickr.com,Female,244.223.251.38
Aksel,Kliement,akliement55@blogtalkradio.com,Female,63.29.37.64
Gerry,Kenyam,gkenyam56@amazon.com,Agender,90.203.77.149
Kort,Jewer,kjewer57@ask.com,Bigender,106.245.192.5
Gibb,Everix,geverix58@twitter.com,Genderfluid,245.119.38.188
Eugen,Tuffield,etuffield59@shinystat.com,Male,198.249.191.4
Carmen,Hunday,chunday5a@cnbc.com,Non-binary,14.196.143.222
Daveen,Pierpoint,dpierpoint5b@upenn.edu,Female,8.182.255.80
Alphonso,Wisham,awisham5c@storify.com,Male,34.57.68.103
Chiquia,Rabbatts,crabbatts5d@jimdo.com,Female,194.88.235.211
Katharina,Baudain,kbaudain5e@microsoft.com,Polygender,120.242.61.89
Shannon,Baugham,sbaugham5f@webmd.com,Non-binary,126.156.9.1
Alex,Heaney`,aheaney5g@youtu.be,Agender,156.111.5.87
Tobe,Thomasen,tthomasen5h@craigslist.org,Genderqueer,82.11.253.83
Jared,Lush,jlush5i@slideshare.net,Non-binary,92.112.200.80
Kerstin,Demelt,kdemelt5j@angelfire.com,Agender,130.146.31.107
Evie,Chastang,echastang5k@gnu.org,Non-binary,6.232.242.39
Tasia,Gillanders,tgillanders5l@cbsnews.com,Agender,157.159.150.253
Carole,Firebrace,cfirebrace5m@spiegel.de,Male,177.107.148.170
Louisette,Gentile,lgentile5n@goo.gl,Agender,24.142.2.165
Charlot,O'Loughnan,coloughnan5o@nature.com,Female,241.102.70.56
Care,Ondrich,condrich5p@hibu.com,Male,90.93.166.103
Roda,Nerney,rnerney5q@cmu.edu,Non-binary,252.128.17.162
Maximo,Sheldon,msheldon5r@spiegel.de,Bigender,193.79.176.129
Gaylord,Kemson,gkemson5s@sina.com.cn,Bigender,74.105.4.138
Clarance,Rozenzweig,crozenzweig5t@shinystat.com,Polygender,170.113.109.184
Geri,Grote,ggrote5u@linkedin.com,Agender,45.6.219.41
Dew,Cummins,dcummins5v@mlb.com,Male,116.129.111.67
Juliet,Dummigan,jdummigan5w@cam.ac.uk,Female,53.47.233.249
Ninnette,Dawdry,ndawdry5x@example.com,Polygender,83.80.31.31
Caren,Blose,cblose5y@myspace.com,Genderfluid,229.166.80.240
Fey,Shwalbe,fshwalbe5z@networkadvertising.org,Non-binary,124.23.209.53
Elyse,Siemantel,esiemantel60@tumblr.com,Male,199.39.79.158
Hogan,Mattholie,hmattholie61@berkeley.edu,Polygender,24.65.9.171
Dionis,Streatley,dstreatley62@yelp.com,Agender,122.113.225.213
Issiah,Bente,ibente63@mail.ru,Female,41.130.107.68
Renault,Czaple,rczaple64@fda.gov,Agender,73.113.136.104
Amabel,Mughal,amughal65@prnewswire.com,Genderfluid,49.9.13.69
Virgina,Nys,vnys66@theatlantic.com,Polygender,181.78.99.219
Tony,Steagall,tsteagall67@smh.com.au,Genderqueer,89.104.160.49
Cindelyn,Franciotti,cfranciotti68@microsoft.com,Agender,202.10.110.146
Charline,Brunt,cbrunt69@google.fr,Non-binary,150.189.211.117
Ambros,Jeandel,ajeandel6a@europa.eu,Non-binary,30.50.110.228
Elsa,Nielson,enielson6b@hostgator.com,Bigender,180.129.152.220
Victor,Hamill,vhamill6c@wikimedia.org,Polygender,214.254.91.113
Ibbie,MacSkeagan,imacskeagan6d@google.nl,Polygender,126.19.199.135
Lanna,Walesa,lwalesa6e@mashable.com,Agender,67.118.120.0
Clint,Blanchflower,cblanchflower6f@reddit.com,Male,22.13.131.236
Tiffanie,Grayland,tgrayland6g@nationalgeographic.com,Bigender,6.199.65.93
Marie-ann,Van't Hoff,mvanthoff6h@ebay.co.uk,Male,108.71.179.155
Mozelle,MacMechan,mmacmechan6i@1und1.de,Polygender,188.15.234.124
Emanuel,Loveman,eloveman6j@amazon.de,Bigender,12.60.70.190
Kristal,Rao,krao6k@japanpost.jp,Bigender,135.164.37.3
Damara,Foxwell,dfoxwell6l@github.io,Genderfluid,35.80.31.105
Mercy,Abramow,mabramow6m@biglobe.ne.jp,Bigender,141.126.249.79
Sisely,Drugan,sdrugan6n@t.co,Non-binary,207.85.69.182
Melantha,Salzburger,msalzburger6o@hhs.gov,Bigender,81.206.106.3
Bunnie,Cargon,bcargon6p@1688.com,Non-binary,60.48.16.197
Arlin,Lamyman,alamyman6q@squidoo.com,Female,235.25.251.64
Elnar,Sebright,esebright6r@trellian.com,Polygender,74.141.46.76
Britte,Kayser,bkayser6s@a8.net,Genderqueer,197.109.250.179
Mae,Brewins,mbrewins6t@addthis.com,Non-binary,157.126.173.144
Delinda,Mapham,dmapham6u@e-recht24.de,Genderfluid,7.247.112.1
Bayard,Studd,bstudd6v@goo.gl,Bigender,133.136.52.225
Niall,Adhams,nadhams6w@who.int,Bigender,115.238.181.41
Francklyn,Gear,fgear6x@businessweek.com,Male,13.159.177.114
Gizela,Melluish,gmelluish6y@weebly.com,Female,100.130.208.153
Lavinie,Insko,linsko6z@shutterfly.com,Male,48.174.25.105
Aloysia,Orme,aorme70@phpbb.com,Bigender,170.182.157.246
Angeline,Hollibone,ahollibone71@yellowbook.com,Genderfluid,185.189.72.212
Michell,Olivo,molivo72@exblog.jp,Female,221.88.215.159
Maurise,Fawley,mfawley73@shop-pro.jp,Female,46.28.200.49
Matti,McCaughey,mmccaughey74@google.com.hk,Genderfluid,245.59.19.86
Wallache,Fawcett,wfawcett75@about.com,Non-binary,59.157.111.187
Abbott,Gellert,agellert76@ask.com,Non-binary,73.160.102.140
Alfreda,Preon,apreon77@jimdo.com,Bigender,37.53.102.52
Hadria,Claxson,hclaxson78@archive.org,Agender,243.213.224.62
Justine,Kinsella,jkinsella79@eventbrite.com,Male,82.229.81.218
Demeter,Britton,dbritton7a@amazon.com,Non-binary,145.12.184.98
Langsdon,Ende,lende7b@twitter.com,Genderqueer,231.98.106.202
Gwyneth,Jakobssen,gjakobssen7c@google.ru,Bigender,206.95.107.91
Benson,Chalk,bchalk7d@cocolog-nifty.com,Agender,132.74.179.163
Haley,Cyster,hcyster7e@cnn.com,Genderqueer,239.132.137.15
Albertine,Mitkin,amitkin7f@uol.com.br,Genderfluid,131.50.12.115
Nial,Duffet,nduffet7g@drupal.org,Bigender,25.110.246.242
Angela,Audry,aaudry7h@cdbaby.com,Agender,229.223.253.85
Guillema,Audritt,gaudritt7i@dagondesign.com,Non-binary,23.161.167.203
Ware,Sweetmore,wsweetmore7j@ezinearticles.com,Genderfluid,241.159.119.0
Ashly,Bonniface,abonniface7k@cpanel.net,Female,94.126.73.223
Elysha,Varley,evarley7l@nature.com,Non-binary,251.145.254.241
Dorrie,Doxey,ddoxey7m@phpbb.com,Agender,23.71.21.55
Marianne,Gisburne,mgisburne7n@infoseek.co.jp,Male,37.1.193.85
Ofella,Munden,omunden7o@time.com,Genderqueer,145.6.109.205
Lesli,Leist,lleist7p@comsenz.com,Genderqueer,252.133.2.205
Nicoli,Archard,narchard7q@aol.com,Non-binary,194.34.241.34
Kendell,Timbrell,ktimbrell7r@ox.ac.uk,Polygender,201.71.15.89
Rubina,Tookey,rtookey7s@un.org,Bigender,134.22.52.172
Lianne,Allbon,lallbon7t@behance.net,Bigender,75.235.8.116
Gav,Domerque,gdomerque7u@cnn.com,Male,232.51.128.246
Neville,Lawrenz,nlawrenz7v@wikia.com,Bigender,174.39.114.237
Rosana,Michell,rmichell7w@artisteer.com,Polygender,19.154.173.148
Theresa,Dunthorn,tdunthorn7x@addtoany.com,Agender,221.213.164.101
Amii,Muscat,amuscat7y@meetup.com,Female,51.114.108.68
Ashla,Danigel,adanigel7z@webmd.com,Genderfluid,221.24.209.182
Vyky,Ferens,vferens80@soup.io,Female,77.172.122.164
Blinny,Barras,bbarras81@nydailynews.com,Polygender,181.205.170.242
Ida,Matskevich,imatskevich82@infoseek.co.jp,Polygender,183.120.248.20
Audre,Ruffle,aruffle83@plala.or.jp,Genderqueer,25.78.120.196
Dora,O'Lennachain,dolennachain84@storify.com,Genderqueer,217.218.224.224
Tori,McKinless,tmckinless85@mediafire.com,Bigender,253.191.37.36
Jorrie,Lodford,jlodford86@princeton.edu,Genderfluid,195.16.36.81
Winifield,Michelotti,wmichelotti87@unesco.org,Male,145.43.27.159
Abdel,Brunelleschi,abrunelleschi88@webmd.com,Genderfluid,234.82.209.174
Nikolaus,Iacoviello,niacoviello89@edublogs.org,Agender,12.117.148.254
Nap,Zuenelli,nzuenelli8a@cocolog-nifty.com,Polygender,1.191.40.145
Tory,Willoughey,twilloughey8b@infoseek.co.jp,Polygender,251.88.15.99
Laraine,Cromack,lcromack8c@google.co.uk,Agender,122.40.85.221
Martha,Prichet,mprichet8d@indiatimes.com,Genderqueer,55.117.117.24
Drugi,Varker,dvarker8e@uol.com.br,Polygender,142.165.103.205
Lana,Varga,lvarga8f@edublogs.org,Female,92.133.104.28
Cyndia,Karpychev,ckarpychev8g@vkontakte.ru,Genderfluid,161.107.132.62
Fawn,Pitfield,fpitfield8h@netscape.com,Genderqueer,86.254.92.99
Peyter,Coan,pcoan8i@myspace.com,Bigender,143.124.33.0
Delila,Fleay,dfleay8j@google.es,Genderqueer,8.108.223.222
Hendrick,Gilbeart,hgilbeart8k@abc.net.au,Polygender,14.228.128.144
Annabella,Sedgmond,asedgmond8l@google.nl,Genderqueer,120.178.182.84
Ronnie,Strudwick,rstrudwick8m@elpais.com,Polygender,224.195.165.0
Dasie,Janku,djanku8n@nifty.com,Agender,211.21.212.13
Arne,Vial,avial8o@tinyurl.com,Male,247.35.86.133
Dode,Trayton,dtrayton8p@i2i.jp,Female,60.236.88.15
Orlan,Toomey,otoomey8q@godaddy.com,Polygender,60.162.111.210
Eartha,Counter,ecounter8r@army.mil,Polygender,121.169.165.28
Dody,Croxon,dcroxon8s@ox.ac.uk,Non-binary,43.153.109.25
Dimitri,Guare,dguare8t@naver.com,Polygender,234.101.87.247
Rica,Jaram,rjaram8u@sfgate.com,Female,145.177.53.200
Patten,Guinness,pguinness8v@tinypic.com,Agender,176.64.4.239
Amby,Ridd,aridd8w@360.cn,Polygender,139.61.192.39
Haven,McCosh,hmccosh8x@salon.com,Polygender,227.101.157.101
Ainsley,Filkov,afilkov8y@uol.com.br,Female,139.34.70.32
Geralda,Yurlov,gyurlov8z@github.io,Non-binary,22.155.88.44
Aldrich,Draayer,adraayer90@columbia.edu,Non-binary,207.54.213.224
Salvatore,Farran,sfarran91@mtv.com,Genderqueer,251.48.197.203
Britni,Dudding,bdudding92@xing.com,Polygender,20.24.25.145
Cassandra,Mainwaring,cmainwaring93@google.pl,Genderqueer,218.195.198.85
Mitzi,Genese,mgenese94@state.gov,Genderfluid,98.214.196.171
Jobyna,Scupham,jscupham95@slate.com,Genderfluid,161.195.53.149
Anni,Draxford,adraxford96@chronoengine.com,Non-binary,181.74.126.15
Bobby,Bernini,bbernini97@vkontakte.ru,Female,142.200.244.49
Erminia,Seeney,eseeney98@skype.com,Non-binary,85.213.28.150
Layla,Lacky,llacky99@addthis.com,Agender,206.247.26.34
Gabie,Griffin,ggriffin9a@accuweather.com,Bigender,101.201.46.56
Herby,Dabernott,hdabernott9b@tripadvisor.com,Genderfluid,139.107.153.12
Gilburt,Moncaster,gmoncaster9c@google.co.uk,Genderfluid,74.108.61.134
Lind,Ockendon,lockendon9d@berkeley.edu,Non-binary,181.174.198.23
Emilie,Fairholme,efairholme9e@msn.com,Male,42.60.18.7
Vladamir,O'Mohun,vomohun9f@tuttocitta.it,Female,167.243.96.40
Norma,Trahmel,ntrahmel9g@skype.com,Polygender,122.253.117.69
Deonne,Duham,dduham9h@simplemachines.org,Non-binary,4.242.250.20
Hermia,Kropp,hkropp9i@discuz.net,Polygender,191.112.174.137
Wilmer,Kubik,wkubik9j@last.fm,Non-binary,128.226.217.104
Creigh,McCrystal,cmccrystal9k@seesaa.net,Male,90.245.187.99
Dulcy,Potten,dpotten9l@princeton.edu,Male,200.15.55.229
Nady,Warrell,nwarrell9m@livejournal.com,Genderfluid,250.78.46.161
Kenyon,Groucock,kgroucock9n@nbcnews.com,Agender,50.122.123.86
Erinn,O'Carmody,eocarmody9o@liveinternet.ru,Genderfluid,31.137.230.32
Hilario,Boncoeur,hboncoeur9p@unicef.org,Bigender,141.51.97.251
Emmalyn,Whate,ewhate9q@addtoany.com,Polygender,37.182.106.218
Packston,Gellibrand,pgellibrand9r@github.io,Female,198.3.152.114
Koren,Dobrovsky,kdobrovsky9s@sourceforge.net,Genderqueer,217.154.30.103
Miner,Hulmes,mhulmes9t@upenn.edu,Genderqueer,33.34.211.110
Franky,Creegan,fcreegan9u@is.gd,Male,69.171.190.217
Claybourne,Taaffe,ctaaffe9v@un.org,Female,157.174.253.183
Mollee,Curnok,mcurnok9w@bluehost.com,Male,150.15.117.195
Felix,Spelling,fspelling9x@time.com,Genderqueer,63.12.142.142
Matty,Budcock,mbudcock9y@upenn.edu,Bigender,156.180.123.184
Kaleb,Ferronel,kferronel9z@tripod.com,Genderfluid,83.111.218.231
Thadeus,Wyatt,twyatta0@wp.com,Male,203.84.119.197
Dianne,Chastenet,dchasteneta1@youku.com,Genderfluid,208.15.49.156
Stanfield,Stanlike,sstanlikea2@netlog.com,Non-binary,243.33.112.106
Kipp,Ballard,kballarda3@google.it,Genderfluid,203.177.191.86
Adiana,Van Leijs,avanleijsa4@amazon.com,Polygender,243.205.252.151
Mathew,Giffkins,mgiffkinsa5@dagondesign.com,Non-binary,159.227.156.157
Cassondra,Casier,ccasiera6@imageshack.us,Female,121.31.147.167
Viviana,Pinkett,vpinketta7@boston.com,Genderqueer,224.133.80.71
Michaela,Lindsell,mlindsella8@who.int,Genderfluid,253.12.235.136
Jolyn,Crowden,jcrowdena9@yellowbook.com,Non-binary,70.241.187.34
Pietra,Yardley,pyardleyaa@netvibes.com,Agender,177.50.23.250
Sarena,Mc Carroll,smccarrollab@guardian.co.uk,Female,97.30.125.42
Berke,Naughton,bnaughtonac@sun.com,Female,50.205.76.224
Millie,Standage,mstandagead@kickstarter.com,Female,191.172.26.204
Skipp,Aiken,saikenae@clickbank.net,Male,164.246.207.98
Lela,Chalmers,lchalmersaf@marketwatch.com,Female,14.56.185.239
Calv,Swindle,cswindleag@posterous.com,Polygender,163.209.64.130
Curtis,Galler,cgallerah@bluehost.com,Male,253.41.59.54
Jackelyn,Fernandes,jfernandesai@alexa.com,Female,226.120.25.207
Rahal,Plumstead,rplumsteadaj@mozilla.com,Polygender,224.86.140.73
Donia,Legendre,dlegendreak@ifeng.com,Bigender,200.180.160.69
Vite,Pimblott,vpimblottal@jalbum.net,Non-binary,88.69.73.7
Aguste,Normanell,anormanellam@msu.edu,Male,227.20.72.45
Shirleen,Cornes,scornesan@mysql.com,Non-binary,147.150.197.113
Annalise,Oels,aoelsao@unc.edu,Agender,170.187.209.7
Valma,Stollenbecker,vstollenbeckerap@aboutads.info,Genderqueer,29.7.190.144
Krissy,Strudwick,kstrudwickaq@rakuten.co.jp,Non-binary,119.124.7.223
Aleece,Jandourek,ajandourekar@de.vu,Male,226.132.200.122
Papagena,Harlock,pharlockas@macromedia.com,Polygender,198.200.60.222
Seth,Darrel,sdarrelat@aboutads.info,Female,243.114.221.113
Birk,Manhare,bmanhareau@omniture.com,Genderfluid,248.1.231.91
Kitty,Damp,kdampav@facebook.com,Genderfluid,111.118.202.200
Ezekiel,Calder,ecalderaw@alibaba.com,Agender,144.96.158.111
Hillyer,Powe,hpoweax@usda.gov,Polygender,163.94.166.192
Gaylene,Chittey,gchitteyay@sourceforge.net,Non-binary,1.137.98.120
Maurits,Sockell,msockellaz@telegraph.co.uk,Male,132.54.22.85
Aurora,Callender,acallenderb0@japanpost.jp,Genderqueer,157.255.246.63
Ardisj,Okroy,aokroyb1@topsy.com,Genderfluid,163.103.246.110
Sammy,Suffe,ssuffeb2@lulu.com,Agender,123.242.214.203
Rhys,Andrich,randrichb3@pen.io,Agender,109.133.85.118
Jacquenetta,Tampin,jtampinb4@squidoo.com,Polygender,50.33.144.133
Loretta,Chennells,lchennellsb5@cbc.ca,Female,32.34.234.171
Samuele,Alessandretti,salessandrettib6@goo.gl,Male,91.150.126.34
Saleem,Wark,swarkb7@wsj.com,Bigender,56.158.72.247
Demetra,Pourveer,dpourveerb8@addthis.com,Genderqueer,102.245.24.191
Marleen,Loade,mloadeb9@earthlink.net,Non-binary,170.150.111.20
Luelle,Pentycost,lpentycostba@slate.com,Bigender,108.216.230.149
Brennen,Kaman,bkamanbb@cbc.ca,Bigender,54.91.38.125
Lutero,Licciardi,llicciardibc@xinhuanet.com,Genderqueer,6.101.199.104
Reg,Berford,rberfordbd@ocn.ne.jp,Genderfluid,153.80.118.69
Gunilla,Santora,gsantorabe@chron.com,Male,29.57.242.254
Brittani,O'Lochan,bolochanbf@go.com,Male,230.54.172.207
Charmion,Bumpass,cbumpassbg@discuz.net,Male,209.213.249.225
Cassy,Kuzma,ckuzmabh@ask.com,Female,3.58.250.92
Mahmud,Tale,mtalebi@sohu.com,Polygender,232.226.54.190
Mathilde,Stillwell,mstillwellbj@usa.gov,Genderqueer,100.54.210.162
Ferdie,Shaves,fshavesbk@about.com,Non-binary,60.251.120.95
Jolynn,Denford,jdenfordbl@usgs.gov,Agender,152.121.150.69
Wanda,Hancorn,whancornbm@mtv.com,Female,83.43.164.142
Rosanna,Rikard,rrikardbn@amazon.co.jp,Female,145.83.82.226
Marie-ann,McGinnell,mmcginnellbo@issuu.com,Agender,163.75.126.251
Nikola,Chown,nchownbp@nyu.edu,Female,171.109.11.233
Cobb,Tittletross,ctittletrossbq@comsenz.com,Agender,170.211.171.246
Mareah,Arnoud,marnoudbr@purevolume.com,Genderfluid,185.188.53.43
Bendite,Jorez,bjorezbs@washingtonpost.com,Male,187.116.77.167
Llewellyn,Saxelby,lsaxelbybt@twitter.com,Agender,167.36.26.85
Priscella,Signe,psignebu@bravesites.com,Non-binary,124.200.228.50
Ado,Gillford,agillfordbv@hexun.com,Genderqueer,179.53.110.79
Aldridge,Attack,aattackbw@yelp.com,Female,125.129.19.70
Gav,Saldler,gsaldlerbx@nba.com,Agender,67.126.191.131
Nappy,Morriarty,nmorriartyby@ft.com,Agender,227.25.255.205
Ashby,Antcliffe,aantcliffebz@blog.com,Genderfluid,96.27.18.48
Elka,Matasov,ematasovc0@japanpost.jp,Non-binary,56.230.9.222
Merralee,Tappor,mtapporc1@illinois.edu,Male,177.112.78.93
Lorelei,Snaddon,lsnaddonc2@123-reg.co.uk,Genderfluid,173.133.28.114
Lonna,Culligan,lculliganc3@qq.com,Female,233.203.155.7
Othella,Domleo,odomleoc4@bing.com,Genderqueer,60.199.188.91
Eba,Tebbitt,etebbittc5@goo.gl,Polygender,240.15.114.36
Jacynth,Rowlands,jrowlandsc6@youtu.be,Non-binary,132.252.120.65
Cindra,Huckfield,chuckfieldc7@mayoclinic.com,Non-binary,66.255.239.202
Vernon,Mattingley,vmattingleyc8@salon.com,Polygender,123.83.112.246
Vittoria,Vizor,vvizorc9@admin.ch,Polygender,124.108.173.222
Ediva,Pearlman,epearlmanca@hibu.com,Bigender,125.67.242.68
Farly,Hutley,fhutleycb@macromedia.com,Non-binary,138.21.208.19
Danice,Blaiklock,dblaiklockcc@economist.com,Bigender,28.81.7.52
Vinita,Oslar,voslarcd@myspace.com,Agender,250.37.29.154
Teri,Follen,tfollence@latimes.com,Non-binary,121.16.206.48
Kristan,Philpin,kphilpincf@yale.edu,Female,80.225.120.179
Marcos,Hollibone,mhollibonecg@addthis.com,Bigender,189.82.129.87
Gustaf,Guillotin,gguillotinch@cdc.gov,Female,137.20.232.149
Jory,Coleman,jcolemanci@clickbank.net,Female,253.172.229.141
Sayres,McCurry,smccurrycj@cargocollective.com,Polygender,202.29.157.32
Leisha,Ourry,lourryck@acquirethisname.com,Polygender,179.184.216.228
Stanislas,Coggon,scoggoncl@zimbio.com,Bigender,251.124.249.59
Rayshell,Eltringham,reltringhamcm@parallels.com,Agender,144.11.10.218
Kristina,Scothron,kscothroncn@soup.io,Genderfluid,116.46.66.130
Yettie,Brumfield,ybrumfieldco@arstechnica.com,Agender,244.116.113.65
Caressa,Eck,ceckcp@istockphoto.com,Genderqueer,14.146.50.9
Ted,Brou,tbroucq@huffingtonpost.com,Genderqueer,18.177.83.140
Konstance,Du Hamel,kduhamelcr@wikia.com,Male,120.10.128.202
Jemie,Barfield,jbarfieldcs@nps.gov,Female,150.196.224.175
Leontyne,Pheazey,lpheazeyct@bloglovin.com,Female,182.240.157.206
Brantley,Bellin,bbellincu@drupal.org,Bigender,138.170.196.171
Eugine,Turbat,eturbatcv@123-reg.co.uk,Female,190.239.130.169
Oralla,Flowith,oflowithcw@blogtalkradio.com,Non-binary,29.210.203.214
Mariette,Dauney,mdauneycx@constantcontact.com,Genderqueer,253.6.254.148
Maurise,Yurov,myurovcy@delicious.com,Female,31.244.36.208
Emmalynn,Peele,epeelecz@arizona.edu,Agender,100.192.54.64
Conan,Dandison,cdandisond0@msu.edu,Genderqueer,142.235.100.242
Laurette,Dowson,ldowsond1@twitter.com,Agender,45.233.132.11
Tucky,Bonnar,tbonnard2@skype.com,Bigender,215.104.225.162
Germaine,Calafato,gcalafatod3@oakley.com,Genderfluid,87.80.82.118
Nicolette,Cassie,ncassied4@constantcontact.com,Non-binary,63.91.21.150
Jacob,Herrieven,jherrievend5@nyu.edu,Genderfluid,134.78.27.28
Natalya,Josefson,njosefsond6@auda.org.au,Bigender,47.63.124.13
Benni,Raith,braithd7@parallels.com,Non-binary,74.42.30.151
Archambault,Bettinson,abettinsond8@bloglovin.com,Male,221.158.143.195
Katharine,Dumphrey,kdumphreyd9@sciencedaily.com,Agender,88.188.168.206
Becca,MacSweeney,bmacsweeneyda@skype.com,Male,141.251.234.234
Juanita,Ticksall,jticksalldb@jalbum.net,Genderfluid,163.67.57.16
Tore,Ludovico,tludovicodc@ca.gov,Male,166.244.86.48
Casandra,Matushevitz,cmatushevitzdd@privacy.gov.au,Genderqueer,73.166.229.139
Sadye,Drillot,sdrillotde@pagesperso-orange.fr,Non-binary,34.139.222.197
Yetta,Ferronier,yferronierdf@chron.com,Male,159.220.13.247
Darda,Stack,dstackdg@photobucket.com,Female,101.122.219.10
Cherilyn,Antosch,cantoschdh@ca.gov,Bigender,243.76.82.195
Marj,Urwen,murwendi@cargocollective.com,Male,78.102.134.149
Raddie,Coggeshall,rcoggeshalldj@jiathis.com,Polygender,249.189.191.25
Terrel,Coch,tcochdk@reference.com,Polygender,78.23.117.230
Kim,Lante,klantedl@wordpress.org,Polygender,69.53.96.162
Jessee,Gliddon,jgliddondm@intel.com,Female,225.156.77.173
Mickey,Everington,meveringtondn@google.co.jp,Polygender,177.198.222.92
Sebastian,Tisun,stisundo@alexa.com,Genderfluid,95.253.236.125
Ketti,Farish,kfarishdp@mapquest.com,Non-binary,10.21.41.222
Balduin,Antonutti,bantonuttidq@cbslocal.com,Genderfluid,26.251.215.170
Livvy,Jeeves,ljeevesdr@ftc.gov,Male,152.140.16.143
Bendicty,Prophet,bprophetds@mail.ru,Agender,245.69.46.110
Rhiamon,Britton,rbrittondt@tmall.com,Non-binary,227.133.79.145
Freda,Schrader,fschraderdu@usatoday.com,Bigender,153.24.200.166
Amabelle,Vinson,avinsondv@barnesandnoble.com,Agender,157.98.29.7
Matty,Willas,mwillasdw@vistaprint.com,Polygender,253.200.97.165
Abey,Crowley,acrowleydx@rakuten.co.jp,Bigender,67.150.206.230
Henriette,Kollatsch,hkollatschdy@theglobeandmail.com,Genderqueer,82.183.28.234
Arie,Hairyes,ahairyesdz@histats.com,Bigender,195.94.12.53
Ardys,Petrelluzzi,apetrelluzzie0@state.tx.us,Bigender,35.131.112.126
Rubi,Fahrenbach,rfahrenbache1@chicagotribune.com,Non-binary,141.65.52.217
Nancie,Ewenson,newensone2@mozilla.com,Non-binary,218.131.45.235
Michal,MacNeil,mmacneile3@irs.gov,Agender,104.255.209.160
Erhard,Boffey,eboffeye4@msn.com,Female,213.70.151.128
Katinka,Houseman,khousemane5@intel.com,Male,94.195.209.162
Maude,Necolds,mnecoldse6@drupal.org,Genderqueer,124.254.126.26
Gunther,Toleman,gtolemane7@bloomberg.com,Non-binary,238.214.126.208
Donna,Cruise,dcruisee8@economist.com,Polygender,160.20.135.37
Adeline,Napier,anapiere9@mozilla.org,Genderfluid,207.90.65.123
Maddy,Radden,mraddenea@businessinsider.com,Bigender,154.197.195.228
Shirl,Fegan,sfeganeb@cpanel.net,Genderfluid,98.153.90.41
Daveta,Bothen,dbothenec@globo.com,Genderqueer,245.37.239.224
Lemar,Latimer,llatimered@fc2.com,Non-binary,132.42.75.240
Daniele,Epine,depineee@weibo.com,Polygender,213.210.120.3
Ashleigh,Gronno,agronnoef@shop-pro.jp,Non-binary,75.160.2.223
Loretta,Hydes,lhydeseg@w3.org,Polygender,83.107.27.53
Magda,Morit,mmoriteh@pagesperso-orange.fr,Genderfluid,121.89.1.173
Malvin,Swiers,mswiersei@guardian.co.uk,Male,203.18.209.209
Doralin,Bremeyer,dbremeyerej@ucla.edu,Genderfluid,7.235.99.248
Farrell,Stredder,fstredderek@infoseek.co.jp,Female,57.97.125.22
Daloris,Orrow,dorrowel@hexun.com,Male,170.39.233.78
Cleopatra,Willis,cwillisem@cbc.ca,Female,56.54.153.131
Elspeth,Kaplin,ekaplinen@yellowbook.com,Genderqueer,27.94.32.8
Phylys,Pardue,ppardueeo@com.com,Non-binary,153.203.205.0
Vanna,Chick,vchickep@jimdo.com,Genderfluid,188.192.87.214
Hunt,Plumbley,hplumbleyeq@wordpress.org,Genderqueer,26.119.174.81
Deirdre,De Miranda,ddemirandaer@mac.com,Polygender,47.112.200.56
Marna,Varndell,mvarndelles@fastcompany.com,Male,46.65.150.108
Lamar,Tuck,ltucket@networksolutions.com,Male,254.115.18.63
Skipton,Friedlos,sfriedloseu@usatoday.com,Non-binary,164.48.221.14
Nelia,McGall,nmcgallev@furl.net,Genderfluid,5.226.166.53
Gwenni,Buchanan,gbuchananew@etsy.com,Polygender,72.165.119.230
Domenic,Orthmann,dorthmannex@ifeng.com,Genderfluid,118.35.155.202
Gradeigh,Tatem,gtatemey@naver.com,Male,10.182.81.252
Ware,Girodin,wgirodinez@walmart.com,Agender,245.239.228.29
Ed,Pluthero,eplutherof0@dedecms.com,Female,101.92.115.238
Herby,Cranna,hcrannaf1@sakura.ne.jp,Polygender,28.5.13.174
Ambros,O'Hearn,aohearnf2@moonfruit.com,Female,119.80.168.110
Marybeth,Corser,mcorserf3@blogspot.com,Polygender,105.185.243.70
Genvieve,Awmack,gawmackf4@twitter.com,Genderqueer,175.118.187.220
Ethelin,Hindes,ehindesf5@yellowbook.com,Female,21.84.229.51
Ertha,Pervoe,epervoef6@sitemeter.com,Bigender,7.71.36.158
Trumann,Pilling,tpillingf7@harvard.edu,Polygender,55.183.94.121
Viviana,Brimilcombe,vbrimilcombef8@icio.us,Male,130.75.150.84
Raven,Hotson,rhotsonf9@google.com.hk,Bigender,5.11.223.237
Angele,Morriss,amorrissfa@fastcompany.com,Polygender,236.150.112.59
Dela,Chmiel,dchmielfb@oracle.com,Non-binary,191.210.133.111
Drusilla,Gergely,dgergelyfc@dion.ne.jp,Genderqueer,139.189.115.44
Bonny,O'Kennedy,bokennedyfd@amazonaws.com,Non-binary,128.217.114.24
Nert,Paddle,npaddlefe@adobe.com,Female,69.119.231.165
Sherwynd,Sherrum,ssherrumff@umn.edu,Agender,45.209.137.97
Faina,Conichie,fconichiefg@lycos.com,Female,17.40.130.32
Gaven,MacNockater,gmacnockaterfh@time.com,Agender,188.101.69.248
Susanne,Gilhooly,sgilhoolyfi@cnn.com,Polygender,220.160.212.13
Cory,Rubinlicht,crubinlichtfj@hc360.com,Non-binary,78.205.162.139
Aleen,Kegan,akeganfk@plala.or.jp,Non-binary,242.202.128.134
Hyman,Caskey,hcaskeyfl@acquirethisname.com,Female,55.19.109.241
Georgeanne,Garmans,ggarmansfm@hud.gov,Genderfluid,253.74.250.29
Eloisa,Lamlin,elamlinfn@phpbb.com,Polygender,217.102.49.139
Dorolisa,Leyzell,dleyzellfo@devhub.com,Polygender,90.218.117.235
Ahmad,Lorroway,alorrowayfp@patch.com,Non-binary,243.233.233.222
Dru,Hurler,dhurlerfq@bandcamp.com,Male,53.149.93.15
Clerissa,McGarvie,cmcgarviefr@etsy.com,Genderqueer,20.25.146.141
Clerkclaude,Redgrove,credgrovefs@adobe.com,Bigender,246.142.94.191
Orazio,Baumer,obaumerft@sphinn.com,Agender,206.40.35.80
Fabiano,Goosey,fgooseyfu@mtv.com,Genderqueer,228.242.108.54
Melissa,Bowater,mbowaterfv@gov.uk,Female,148.211.138.9
Billye,Shirer,bshirerfw@ox.ac.uk,Bigender,22.171.160.142
Marabel,Jaskiewicz,mjaskiewiczfx@accuweather.com,Non-binary,162.127.141.213
Lanie,Mullarkey,lmullarkeyfy@spiegel.de,Genderfluid,82.1.0.171
Dory,Kennett,dkennettfz@sciencedirect.com,Genderfluid,101.214.3.183
Devy,Goodinge,dgoodingeg0@over-blog.com,Agender,253.231.62.33
Dulcia,Drabble,ddrabbleg1@cisco.com,Agender,65.53.135.38
Florentia,Cawkill,fcawkillg2@imdb.com,Bigender,15.40.25.49
Lyell,Froom,lfroomg3@diigo.com,Non-binary,101.5.65.38
Axe,Cianelli,acianellig4@vinaora.com,Polygender,228.207.177.121
Elana,Siaspinski,esiaspinskig5@mysql.com,Genderqueer,167.56.61.190
Penny,Goodbourn,pgoodbourng6@macromedia.com,Genderqueer,6.237.242.31
Latrena,Goodenough,lgoodenoughg7@about.com,Non-binary,55.240.156.190
Debi,Aslie,daslieg8@pen.io,Agender,160.56.43.37
Ramsey,Billows,rbillowsg9@weather.com,Bigender,115.154.231.26
Liana,Effemy,leffemyga@va.gov,Genderqueer,217.79.40.22
Jeramey,Mackstead,jmacksteadgb@i2i.jp,Bigender,108.149.182.199
Gianna,Ruggen,gruggengc@amazon.de,Genderqueer,253.31.224.20
Thurston,Davidovic,tdavidovicgd@ebay.com,Female,161.104.55.231
Kinny,Mea,kmeage@weibo.com,Genderfluid,80.142.137.238
Dickie,Kirmond,dkirmondgf@hud.gov,Male,148.91.124.9
Diane-marie,Cluley,dcluleygg@ed.gov,Male,63.76.38.250
Paloma,Jandel,pjandelgh@flickr.com,Non-binary,153.147.141.18
Lily,Forgie,lforgiegi@amazonaws.com,Agender,45.235.123.65
Anna-maria,O'Suaird,aosuairdgj@goodreads.com,Female,113.125.203.1
Roarke,Greatbank,rgreatbankgk@dmoz.org,Non-binary,211.219.211.249
Tobit,Strettell,tstrettellgl@sciencedaily.com,Polygender,234.106.209.68
Orsola,Thurstan,othurstangm@xrea.com,Male,16.73.155.125
Jacquenette,Bolesma,jbolesmagn@admin.ch,Genderqueer,55.170.74.112
Pooh,Kalisz,pkaliszgo@fotki.com,Non-binary,208.176.81.81
Bendix,Godly,bgodlygp@wiley.com,Bigender,101.121.198.137
Tarrah,Matias,tmatiasgq@icio.us,Non-binary,51.249.15.219
Dar,Bech,dbechgr@census.gov,Polygender,223.203.187.31
Gwenny,D'Orsay,gdorsaygs@zdnet.com,Bigender,249.229.91.219
Leigha,Mitford,lmitfordgt@jigsy.com,Agender,115.239.10.111
Ashlin,Conroy,aconroygu@forbes.com,Female,242.188.217.217
Nelle,Huegett,nhuegettgv@si.edu,Agender,213.31.135.229
Evanne,Hubbuck,ehubbuckgw@myspace.com,Genderqueer,188.12.253.133
Diann,Tanby,dtanbygx@cmu.edu,Male,40.126.4.32
Livia,Landor,llandorgy@sina.com.cn,Agender,57.216.212.211
Scott,Paling,spalinggz@apache.org,Genderqueer,49.212.201.221
Rena,Akenhead,rakenheadh0@mapy.cz,Polygender,175.230.27.21
Leontine,Mifflin,lmifflinh1@upenn.edu,Genderqueer,200.17.108.249
Janith,Laffling,jlafflingh2@sogou.com,Polygender,239.96.20.143
Ruby,Mitchelmore,rmitchelmoreh3@cnet.com,Agender,18.105.103.37
Pernell,Lohan,plohanh4@blogger.com,Non-binary,234.150.17.23
Natty,Darey,ndareyh5@gnu.org,Bigender,91.163.127.253
Jacklin,Erb,jerbh6@nydailynews.com,Genderqueer,100.19.149.91
Cyrillus,Ateridge,cateridgeh7@accuweather.com,Agender,102.77.218.102
Tressa,Lewton,tlewtonh8@weibo.com,Female,136.14.139.32
Herculie,Fredi,hfredih9@java.com,Polygender,190.199.130.0
Jaymie,Fearnley,jfearnleyha@utexas.edu,Non-binary,161.211.191.4
Shay,Hacun,shacunhb@psu.edu,Genderfluid,181.176.85.99
Waldon,Meechan,wmeechanhc@senate.gov,Agender,63.123.201.146
Ketty,Bellon,kbellonhd@gov.uk,Genderfluid,243.81.100.190
Chrotoem,Tucker,ctuckerhe@google.com,Polygender,124.218.66.248
Marven,Iacovolo,miacovolohf@wiley.com,Bigender,181.206.42.229
Stanwood,Bend,sbendhg@paypal.com,Genderfluid,236.24.116.13
Kissie,Anthoney,kanthoneyhh@privacy.gov.au,Polygender,225.65.13.203
Bernie,Fibben,bfibbenhi@smugmug.com,Bigender,55.168.140.52
Henka,Clemetts,hclemettshj@webeden.co.uk,Genderqueer,190.61.29.206
Gualterio,Habens,ghabenshk@arstechnica.com,Genderfluid,160.78.171.7
Spencer,Caslake,scaslakehl@eepurl.com,Agender,243.36.114.197
Carlin,Joire,cjoirehm@nsw.gov.au,Agender,4.170.204.104
Alfy,Bineham,abinehamhn@about.com,Bigender,45.245.41.253
Evangelina,Farden,efardenho@census.gov,Genderqueer,73.0.215.25
Johann,Checklin,jchecklinhp@gravatar.com,Bigender,191.190.124.155
Any,Rosenfarb,arosenfarbhq@vk.com,Bigender,218.15.21.51
Svend,Voyce,svoycehr@xing.com,Female,74.20.164.134
Odelinda,Von Hindenburg,ovonhindenburghs@google.cn,Bigender,19.158.80.48
Eddie,Rugiero,erugieroht@fotki.com,Male,119.71.141.36
Kelly,Nairne,knairnehu@paypal.com,Female,242.185.19.17
Pall,Bullard,pbullardhv@ycombinator.com,Non-binary,201.76.94.62
Ellette,Dacres,edacreshw@wikipedia.org,Genderqueer,184.195.112.166
Rutter,Cluley,rcluleyhx@joomla.org,Non-binary,177.9.223.117
Trista,Gordon,tgordonhy@sogou.com,Agender,71.140.50.144
Kendra,Earpe,kearpehz@sogou.com,Non-binary,222.57.149.250
Jane,Melmar,jmelmari0@gnu.org,Female,53.210.243.147
Courtenay,Dingivan,cdingivani1@globo.com,Male,8.101.68.82
Linoel,Learmount,llearmounti2@ucoz.com,Polygender,166.100.145.248
Drugi,Ales0,dalesi3@cocolog-nifty.com,Genderfluid,249.86.85.244
Quintilla,Swinburn,qswinburni4@senate.gov,Agender,34.183.236.249
Larina,Pitway,lpitwayi5@purevolume.com,Bigender,226.113.121.142
Deedee,Cawson,dcawsoni6@nyu.edu,Polygender,239.233.250.72
Mufinella,Foskett,mfosketti7@storify.com,Male,29.93.159.216
Kendal,Markie,kmarkiei8@telegraph.co.uk,Genderqueer,27.136.226.86
Christos,Caws,ccawsi9@webeden.co.uk,Polygender,42.6.172.225
Shanon,Allsopp,sallsoppia@theguardian.com,Genderqueer,55.92.172.219
Halsey,Klainer,hklainerib@moonfruit.com,Male,175.127.124.146
Kippar,Ratlee,kratleeic@ft.com,Male,50.238.90.145
Elsie,McClary,emcclaryid@imgur.com,Bigender,131.115.101.203
Ruy,Madoc-Jones,rmadocjonesie@theguardian.com,Polygender,107.152.14.184
Karolina,Perello,kperelloif@artisteer.com,Genderfluid,143.59.212.104
Cosette,Jahner,cjahnerig@imdb.com,Polygender,115.200.39.250
Allister,Champion,achampionih@blogtalkradio.com,Bigender,86.35.58.160
Rebekkah,Shaddick,rshaddickii@indiatimes.com,Non-binary,188.175.173.223
Stephine,Capron,scapronij@odnoklassniki.ru,Polygender,239.41.123.200
See,Cornthwaite,scornthwaiteik@timesonline.co.uk,Agender,4.60.60.74
Erminie,Orris,eorrisil@rediff.com,Polygender,34.145.79.125
Morty,Le Borgne,mleborgneim@google.es,Bigender,104.158.4.40
Stern,Cawker,scawkerin@qq.com,Genderqueer,252.140.156.217
Hort,Duffell,hduffellio@apache.org,Genderfluid,228.127.180.140
Ronnie,Syseland,rsyselandip@networksolutions.com,Non-binary,194.174.11.192
Horatia,Lettice,hletticeiq@t.co,Agender,169.226.35.212
Kit,Grestye,kgrestyeir@sphinn.com,Female,236.70.154.41
Brook,Alyoshin,balyoshinis@patch.com,Non-binary,143.123.228.184
Francklin,Stockoe,fstockoeit@freewebs.com,Genderqueer,236.178.17.116
Ragnar,Rogge,rroggeiu@usgs.gov,Genderfluid,181.121.131.162
Hurley,Stote,hstoteiv@dedecms.com,Genderfluid,158.168.196.13
Melody,Petrashov,mpetrashoviw@woothemes.com,Genderfluid,84.194.60.34
Cahra,Mico,cmicoix@google.com.au,Genderqueer,3.212.32.60
Lona,Delgua,ldelguaiy@list-manage.com,Genderfluid,94.103.121.93
Dougie,Marquiss,dmarquissiz@omniture.com,Genderqueer,145.17.73.46
Karlen,Whithalgh,kwhithalghj0@europa.eu,Female,241.141.254.185
Elise,Kidby,ekidbyj1@disqus.com,Female,216.103.239.169
Lamar,Austwick,laustwickj2@si.edu,Male,73.184.13.142
Bertha,Libbis,blibbisj3@dagondesign.com,Female,9.236.44.192
Rachelle,Saw,rsawj4@booking.com,Male,215.26.183.62
Olvan,Kohrt,okohrtj5@scribd.com,Bigender,28.185.144.237
Heywood,Costard,hcostardj6@ask.com,Non-binary,239.41.114.52
Darn,Collin,dcollinj7@plala.or.jp,Non-binary,28.148.255.191
Shandra,Halpine,shalpinej8@google.com.au,Agender,37.136.231.217
Barbabra,Lopes,blopesj9@acquirethisname.com,Female,253.44.184.253
Eldridge,Travers,etraversja@usnews.com,Agender,88.155.83.46
Ricki,Bowick,rbowickjb@canalblog.com,Genderfluid,238.175.59.52
Lara,Quoit,lquoitjc@a8.net,Female,134.86.119.131
Broddy,Gunnell,bgunnelljd@google.co.uk,Male,150.161.175.4
Rebekkah,Davenport,rdavenportje@miibeian.gov.cn,Female,97.123.237.84
Dunn,Le Marquis,dlemarquisjf@reddit.com,Male,164.138.7.244
Marshall,Kelby,mkelbyjg@businesswire.com,Non-binary,48.235.47.31
Rooney,Huyge,rhuygejh@last.fm,Agender,75.141.89.153
Nels,Dacke,ndackeji@pcworld.com,Bigender,116.84.108.44
Miguela,Murrhardt,mmurrhardtjj@ed.gov,Agender,195.130.98.74
Onida,Bannester,obannesterjk@github.com,Male,9.106.137.48
Graehme,Doorey,gdooreyjl@purevolume.com,Polygender,162.82.91.162
Elwira,Bedminster,ebedminsterjm@mozilla.org,Bigender,183.1.74.85
Dulcine,Keig,dkeigjn@ox.ac.uk,Non-binary,202.97.127.87
Kelsey,Dunford,kdunfordjo@narod.ru,Genderfluid,135.66.58.68
Bronson,Mosen,bmosenjp@columbia.edu,Non-binary,197.242.175.41
My,Lidgely,mlidgelyjq@unesco.org,Bigender,247.54.224.124
Dallas,Challens,dchallensjr@yolasite.com,Non-binary,229.23.166.41
Wilhelmina,Ville,wvillejs@pcworld.com,Genderfluid,170.246.90.236
Annie,Mishow,amishowjt@t-online.de,Genderfluid,193.120.145.149
Berke,Morales,bmoralesju@163.com,Female,47.193.204.58
Catherina,McAdam,cmcadamjv@studiopress.com,Genderfluid,12.18.62.16
Doris,Marzelli,dmarzellijw@thetimes.co.uk,Genderfluid,156.170.198.43
Everard,Bausor,ebausorjx@dot.gov,Male,24.48.174.150
Berty,Byart,bbyartjy@rakuten.co.jp,Female,86.123.198.82
Beverlee,McWhirter,bmcwhirterjz@purevolume.com,Genderqueer,185.117.144.238
Ezmeralda,Glencorse,eglencorsek0@instagram.com,Agender,71.162.135.20
Sigmund,Spindler,sspindlerk1@cam.ac.uk,Male,192.150.42.97
Ilario,Apperley,iapperleyk2@technorati.com,Polygender,97.85.24.64
Micheline,Antoons,mantoonsk3@hibu.com,Non-binary,207.15.135.72
Basia,Burkinshaw,bburkinshawk4@tinyurl.com,Genderfluid,92.220.51.77
Lil,Surplice,lsurplicek5@aol.com,Bigender,247.242.77.12
Ddene,Askwith,daskwithk6@parallels.com,Polygender,194.82.180.12
Tamas,Neilson,tneilsonk7@indiatimes.com,Non-binary,117.252.86.129
Phillis,Leonida,pleonidak8@indiegogo.com,Agender,101.202.116.139
Spence,Sebire,ssebirek9@ebay.co.uk,Genderfluid,151.60.42.71
Penny,Fisby,pfisbyka@list-manage.com,Male,8.151.150.233
Lewie,Leitch,lleitchkb@cbc.ca,Bigender,29.57.253.24
Eldin,Fehner,efehnerkc@hud.gov,Male,143.123.119.250
Rebekah,Scully,rscullykd@state.gov,Non-binary,237.119.54.187
Rita,Deverall,rdeverallke@yellowpages.com,Female,187.28.114.220
Haily,Beebis,hbeebiskf@nytimes.com,Genderfluid,92.118.69.125
Jillane,Maxwale,jmaxwalekg@patch.com,Male,3.248.250.215
Kathryn,Wanderschek,kwanderschekkh@vk.com,Female,72.200.241.208
Tobye,Bowdler,tbowdlerki@dot.gov,Non-binary,251.85.216.248
Lorelei,Kefford,lkeffordkj@addthis.com,Female,152.42.142.60
Claudina,Lougheid,clougheidkk@vimeo.com,Agender,48.183.189.78
Tansy,Lough,tloughkl@va.gov,Bigender,92.254.126.136
Derwin,Kohlert,dkohlertkm@utexas.edu,Polygender,213.66.127.238
Tadio,Dugdale,tdugdalekn@loc.gov,Agender,154.203.103.71
Doti,Laimable,dlaimableko@umn.edu,Male,66.221.133.82
Brier,Jurick,bjurickkp@hhs.gov,Non-binary,214.45.109.145
Zedekiah,Caron,zcaronkq@miibeian.gov.cn,Genderfluid,247.30.57.137
Inge,Gildea,igildeakr@blogspot.com,Agender,125.103.210.46
Onfre,Paradine,oparadineks@webnode.com,Bigender,238.22.124.198
Nev,Maystone,nmaystonekt@blogtalkradio.com,Polygender,233.126.88.148
Bianca,Norvill,bnorvillku@blogspot.com,Agender,156.109.56.102
Gilly,Capnerhurst,gcapnerhurstkv@house.gov,Genderfluid,169.88.44.150
Nanny,Wallsam,nwallsamkw@cbsnews.com,Agender,244.14.144.149
Kerianne,Kordt,kkordtkx@webeden.co.uk,Bigender,145.82.198.218
Knox,Dymick,kdymickky@list-manage.com,Genderqueer,191.240.112.247
Tanny,Wabey,twabeykz@nhs.uk,Bigender,29.10.209.216
Caitrin,Thon,cthonl0@independent.co.uk,Female,173.18.65.162
Corinna,St Angel,cstangell1@miitbeian.gov.cn,Female,16.167.61.216
Eric,Cockhill,ecockhilll2@ox.ac.uk,Male,228.221.104.121
Adelind,Bridgeman,abridgemanl3@webs.com,Bigender,68.109.231.210
Lanna,Smurthwaite,lsmurthwaitel4@amazon.co.uk,Non-binary,211.117.158.42
Fulton,Hogsden,fhogsdenl5@biblegateway.com,Male,136.215.34.148
Dyna,Crichton,dcrichtonl6@cnbc.com,Polygender,115.127.82.153
Norton,Jerson,njersonl7@tiny.cc,Bigender,132.58.137.225
Jay,Osban,josbanl8@geocities.com,Non-binary,164.200.232.92
Jermayne,Sproule,jsproulel9@dell.com,Genderfluid,51.180.72.53
Reed,Langeley,rlangeleyla@twitter.com,Polygender,103.76.155.37
Jonis,Baudrey,jbaudreylb@netvibes.com,Non-binary,7.215.88.36
Idelle,Symmons,isymmonslc@dedecms.com,Female,115.18.190.159
Lucine,Braywood,lbraywoodld@engadget.com,Bigender,8.125.155.60
Davidson,Braham,dbrahamle@tinyurl.com,Genderqueer,123.114.150.235
Ruthie,Shippard,rshippardlf@bluehost.com,Genderfluid,159.133.182.144
Vin,Chippindall,vchippindalllg@businesswire.com,Genderqueer,118.61.92.249
Anabella,Wisson,awissonlh@deviantart.com,Bigender,251.118.202.141
Derk,Earie,dearieli@berkeley.edu,Bigender,207.248.8.112
Rebe,Aitken,raitkenlj@mapquest.com,Bigender,212.210.164.6
Marcia,Gravells,mgravellslk@pagesperso-orange.fr,Polygender,248.40.111.193
Therine,Halt,thaltll@myspace.com,Genderfluid,197.5.25.4
Kettie,Bernardoux,kbernardouxlm@webmd.com,Female,70.189.39.46
Danny,Leades,dleadesln@usda.gov,Male,124.252.31.26
Lammond,Pearne,lpearnelo@nature.com,Polygender,209.68.175.253
Reynard,Bearcroft,rbearcroftlp@csmonitor.com,Polygender,218.190.196.216
Samantha,Martschik,smartschiklq@biglobe.ne.jp,Bigender,13.162.50.201
Kattie,Laboune,klabounelr@google.com,Male,180.177.248.172
Jessa,Jahns,jjahnsls@arizona.edu,Bigender,3.87.177.202
Daveen,Pead,dpeadlt@webnode.com,Genderfluid,17.133.92.253
Flynn,Fenge,ffengelu@ox.ac.uk,Non-binary,246.20.17.188
Janeva,Slopier,jslopierlv@china.com.cn,Agender,180.20.2.206
Tana,McKinn,tmckinnlw@loc.gov,Agender,20.189.202.85
Patti,Klemmt,pklemmtlx@mysql.com,Genderqueer,171.223.90.94
Judd,Garley,jgarleyly@state.gov,Genderfluid,31.43.129.240
Dacia,Muncer,dmuncerlz@google.nl,Female,205.125.241.41
Aurea,Measey,ameaseym0@csmonitor.com,Polygender,203.139.233.220
Leonid,Keightley,lkeightleym1@youtu.be,Polygender,57.186.8.10
Bourke,Tremouille,btremouillem2@nih.gov,Genderqueer,212.8.110.116
Regina,McEnhill,rmcenhillm3@forbes.com,Genderqueer,177.154.6.161
Merlina,Flieger,mfliegerm4@tripadvisor.com,Polygender,213.217.32.1
Kylie,Jell,kjellm5@csmonitor.com,Non-binary,146.224.145.13
Joanie,Paddick,jpaddickm6@printfriendly.com,Polygender,90.106.251.233
Adria,Golborn,agolbornm7@house.gov,Female,196.236.46.152
Cassaundra,Heiner,cheinerm8@vk.com,Bigender,25.91.190.208
Bethanne,Dalgety,bdalgetym9@epa.gov,Genderfluid,7.128.139.228
Anallise,Constantinou,aconstantinouma@bravesites.com,Non-binary,101.223.166.12
Dionysus,Siggers,dsiggersmb@netvibes.com,Female,239.112.206.208
Benoite,Severwright,bseverwrightmc@vimeo.com,Non-binary,229.8.178.119
Wyndham,Batterbee,wbatterbeemd@princeton.edu,Genderqueer,154.38.20.28
Collen,Izakof,cizakofme@ed.gov,Polygender,213.189.252.231
Goraud,Haylands,ghaylandsmf@psu.edu,Polygender,89.238.140.204
Dore,Twist,dtwistmg@yellowbook.com,Male,57.36.73.87
Inna,Naisby,inaisbymh@infoseek.co.jp,Female,167.59.242.154
Salvatore,Cordet,scordetmi@eventbrite.com,Non-binary,175.28.210.137
Walliw,Pavy,wpavymj@senate.gov,Male,251.180.13.22
Annmarie,Sorley,asorleymk@ibm.com,Male,129.122.158.42
Hilliary,Skitteral,hskitteralml@jugem.jp,Polygender,227.53.6.172
Emyle,Bryning,ebryningmm@nasa.gov,Polygender,194.22.244.141
Connie,McLevie,cmcleviemn@apache.org,Genderfluid,73.196.181.173
Annaliese,Coorington,acooringtonmo@de.vu,Agender,47.114.190.210
Stacey,Arenson,sarensonmp@wp.com,Male,223.101.37.134
Ham,Albrecht,halbrechtmq@ihg.com,Polygender,43.5.219.255
Jeffry,McKinn,jmckinnmr@redcross.org,Genderfluid,16.228.99.91
Roxane,Krystof,rkrystofms@booking.com,Non-binary,87.135.111.194
Konstanze,Purchall,kpurchallmt@ibm.com,Agender,189.143.146.24
Wolf,Norway,wnorwaymu@canalblog.com,Male,183.147.78.237
Giles,Killock,gkillockmv@lulu.com,Male,65.2.87.36
Jorge,Duncan,jduncanmw@ted.com,Female,36.133.22.103
Chance,de Clerc,cdeclercmx@kickstarter.com,Agender,140.45.241.213
Pascale,Brabyn,pbrabynmy@dot.gov,Non-binary,189.94.241.119
Nikolaos,Hambelton,nhambeltonmz@1und1.de,Genderqueer,235.129.118.214
Thurstan,Cawthera,tcawtheran0@studiopress.com,Agender,166.197.194.5
Doyle,Ferryman,dferrymann1@twitpic.com,Polygender,226.39.108.131
Lesly,Carriage,lcarriagen2@sbwire.com,Bigender,169.234.99.109
Balduin,Assiter,bassitern3@histats.com,Non-binary,185.87.93.50
Allianora,Burkin,aburkinn4@mysql.com,Polygender,234.4.168.184
Guillermo,Antalffy,gantalffyn5@amazon.com,Polygender,79.242.38.73
Samaria,Haet,shaetn6@dailymotion.com,Non-binary,159.154.199.54
Dorothee,Muttock,dmuttockn7@adobe.com,Agender,139.233.92.213
Langsdon,Mattock,lmattockn8@google.com.au,Agender,190.237.73.167
Maddi,Andrzejak,mandrzejakn9@businessinsider.com,Male,89.79.34.67
Myrtle,Watts,mwattsna@google.fr,Agender,116.71.179.194
Lloyd,Wilby,lwilbynb@blinklist.com,Agender,89.12.208.200
Sander,Boast,sboastnc@goo.gl,Polygender,16.215.239.115
Robbie,Gillinghams,rgillinghamsnd@symantec.com,Non-binary,229.222.84.71
Everard,Northbridge,enorthbridgene@usgs.gov,Genderfluid,85.168.148.110
Ezmeralda,McCahey,emccaheynf@google.ru,Agender,82.67.102.16
Bondie,Toffts,btofftsng@weibo.com,Male,49.116.108.171
Tamarra,Cribbins,tcribbinsnh@meetup.com,Genderqueer,171.39.146.231
Meade,Lechmere,mlechmereni@wunderground.com,Genderfluid,111.89.97.73
Lazar,Cornford,lcornfordnj@altervista.org,Polygender,142.242.3.224
Ryley,Drejer,rdrejernk@lycos.com,Genderqueer,27.222.123.59
Rhodie,Hammerstone,rhammerstonenl@qq.com,Bigender,29.233.40.203
Dusty,Jeakins,djeakinsnm@yellowpages.com,Polygender,1.196.184.153
Raye,Audrey,raudreynn@home.pl,Genderqueer,247.116.67.65
Hastings,Yukhov,hyukhovno@list-manage.com,Agender,38.88.253.117
Catie,Woodcock,cwoodcocknp@typepad.com,Bigender,224.106.123.121
Fernande,Schimank,fschimanknq@stumbleupon.com,Male,113.218.7.41
Auberon,Stockle,astocklenr@intel.com,Genderfluid,178.179.82.207
Edna,Davio,edavions@nydailynews.com,Male,224.84.195.37
Brendon,Gunny,bgunnynt@weebly.com,Polygender,217.101.83.133
Huntlee,Gietz,hgietznu@jimdo.com,Genderfluid,25.165.93.55
Bonita,Gurys,bgurysnv@wp.com,Non-binary,84.55.217.57
Monro,Oliva,molivanw@newsvine.com,Non-binary,22.115.144.221
Christiane,Rodder,croddernx@mtv.com,Bigender,15.103.223.198
Joseph,Bingley,jbingleyny@princeton.edu,Male,237.236.17.220
Nolan,Crilly,ncrillynz@fda.gov,Genderfluid,153.113.100.177
Paton,Beddo,pbeddoo0@t.co,Genderqueer,203.46.230.58
Lauren,Spurier,lspuriero1@comsenz.com,Female,195.151.133.152
Sebastiano,Howells,showellso2@constantcontact.com,Agender,4.131.139.18
Hugues,Patrickson,hpatricksono3@ucoz.com,Bigender,92.114.41.99
Betteann,Ottery,botteryo4@macromedia.com,Bigender,101.56.7.0
Hollie,Hadigate,hhadigateo5@huffingtonpost.com,Non-binary,171.244.57.9
Corbett,Feldmann,cfeldmanno6@goodreads.com,Bigender,174.5.211.212
Katuscha,Chat,kchato7@cbslocal.com,Female,118.157.161.217
Duane,Vreiberg,dvreibergo8@youku.com,Female,230.142.115.159
Keelby,Fearnley,kfearnleyo9@ocn.ne.jp,Genderfluid,163.99.136.133
Olympie,Buckthorp,obuckthorpoa@mozilla.com,Genderfluid,47.144.72.240
Amble,Darmody,adarmodyob@cbc.ca,Bigender,163.125.152.213
Frasier,MacRinn,fmacrinnoc@go.com,Male,7.77.28.231
Rochell,Gudge,rgudgeod@ning.com,Polygender,186.105.164.222
Annette,McGinnell,amcginnelloe@state.gov,Male,255.112.69.119
Cristine,Unthank,cunthankof@forbes.com,Male,188.167.251.127
Clevey,Matyushkin,cmatyushkinog@soup.io,Non-binary,227.3.190.30
Patrizia,Itzakson,pitzaksonoh@samsung.com,Male,248.24.25.38
Harp,Callington,hcallingtonoi@shinystat.com,Genderfluid,68.175.194.47
Nerty,Lieber,nlieberoj@t-online.de,Female,66.169.220.153
Arin,Troppmann,atroppmannok@cdbaby.com,Bigender,24.98.176.148
Nicolle,Bartoleyn,nbartoleynol@nba.com,Male,15.53.174.181
Perkin,Rothermel,prothermelom@guardian.co.uk,Non-binary,207.94.135.136
Marybelle,Catterick,mcatterickon@diigo.com,Agender,13.57.230.208
Barnie,Macrae,bmacraeoo@trellian.com,Male,215.86.231.176
Burr,Proudler,bproudlerop@google.co.uk,Female,249.50.4.147
Breanne,Berfoot,bberfootoq@washington.edu,Bigender,115.54.3.184
Ulrica,Gerger,ugergeror@wikipedia.org,Polygender,36.28.175.169
Susette,Damato,sdamatoos@princeton.edu,Genderfluid,78.114.96.194
Elna,Broune,ebrouneot@earthlink.net,Male,246.80.66.81
Lanna,Ardley,lardleyou@unesco.org,Agender,110.35.122.104
Angelle,De Carlo,adecarloov@seattletimes.com,Genderqueer,128.136.44.33
Pia,Mico,pmicoow@squarespace.com,Genderfluid,212.137.244.4
Sibel,Karpinski,skarpinskiox@mozilla.org,Genderfluid,217.51.9.41
Cecil,Mildner,cmildneroy@aol.com,Bigender,161.169.145.164
Frants,De Freyne,fdefreyneoz@github.com,Genderfluid,233.214.85.160
Olivette,Fonso,ofonsop0@nba.com,Female,70.18.133.166
Paige,Attard,pattardp1@dailymotion.com,Genderqueer,74.178.121.61
Dino,Beltzner,dbeltznerp2@ebay.co.uk,Male,159.68.37.60
Kerby,Howel,khowelp3@unesco.org,Genderqueer,230.240.189.12
Ernesto,Wannop,ewannopp4@virginia.edu,Non-binary,41.227.130.63
Maible,Bodley,mbodleyp5@chicagotribune.com,Female,76.230.226.230
Aubree,Arnold,aarnoldp6@dedecms.com,Genderqueer,55.66.19.211
Hoebart,Kitley,hkitleyp7@livejournal.com,Polygender,12.154.235.52
Helen,Karpets,hkarpetsp8@google.pl,Female,50.237.24.29
Michele,Ollier,mollierp9@abc.net.au,Non-binary,158.148.152.166
Alexia,Hawe,ahawepa@reuters.com,Genderfluid,180.187.32.17
Anastasia,Stickler,asticklerpb@prlog.org,Genderfluid,168.36.197.96
Win,Beale,wbealepc@cbslocal.com,Polygender,120.90.202.31
Rahel,Kivelle,rkivellepd@alibaba.com,Bigender,141.8.117.29
Beryle,Tomei,btomeipe@google.co.jp,Genderfluid,27.88.93.65
Frazer,Leathley,fleathleypf@vk.com,Non-binary,36.248.173.79
Emmalee,McEvilly,emcevillypg@narod.ru,Genderfluid,245.159.21.12
Lou,Limon,llimonph@miibeian.gov.cn,Polygender,199.233.173.30
Hallie,Brithman,hbrithmanpi@va.gov,Bigender,254.106.133.39
Anselm,Whieldon,awhieldonpj@timesonline.co.uk,Polygender,153.205.116.62
Adelina,Semens,asemenspk@ebay.co.uk,Genderfluid,220.83.161.67
Jarrod,St Pierre,jstpierrepl@princeton.edu,Genderqueer,67.120.202.76
Kelsey,Pedrozzi,kpedrozzipm@booking.com,Genderqueer,1.138.1.102
Simon,Breakspear,sbreakspearpn@cdc.gov,Genderfluid,179.220.249.82
Tamqrah,Skamell,tskamellpo@reference.com,Female,24.137.244.85
Isaac,Frowd,ifrowdpp@t-online.de,Female,172.135.172.181
Roxana,Walsham,rwalshampq@ox.ac.uk,Genderfluid,182.159.153.70
Brenda,Toller,btollerpr@flickr.com,Agender,223.97.18.33
Jackson,Cloake,jcloakeps@europa.eu,Genderqueer,228.40.202.145
Bevvy,Fabri,bfabript@issuu.com,Non-binary,110.109.100.236
Rosamund,McSparran,rmcsparranpu@blogspot.com,Non-binary,225.0.131.239
Lucho,Marder,lmarderpv@biblegateway.com,Genderqueer,84.250.123.73
Hartwell,Quinton,hquintonpw@i2i.jp,Genderqueer,29.44.146.181
Kingsly,Seres,kserespx@who.int,Bigender,107.53.123.155
Siana,Cardow,scardowpy@topsy.com,Non-binary,151.221.171.81
Mattias,Fippe,mfippepz@moonfruit.com,Bigender,56.37.80.255
Orv,Pimerick,opimerickq0@miitbeian.gov.cn,Agender,136.190.216.64
Olav,Cannell,ocannellq1@icq.com,Polygender,83.225.136.230
Bernete,Barck,bbarckq2@bigcartel.com,Male,30.87.22.37
Chloe,Tedder,ctedderq3@printfriendly.com,Bigender,94.218.74.182
Paolo,Mabbutt,pmabbuttq4@t.co,Agender,61.114.14.235
Christophe,Elgy,celgyq5@cisco.com,Bigender,239.215.38.230
Alvan,Leyland,aleylandq6@ucoz.ru,Non-binary,155.113.181.212
Keen,Wherton,kwhertonq7@mlb.com,Female,0.219.117.78
Micki,Lenz,mlenzq8@tripadvisor.com,Non-binary,168.4.97.102
Heloise,Nail,hnailq9@seattletimes.com,Genderqueer,151.16.37.72
Anthiathia,Lamort,alamortqa@guardian.co.uk,Agender,72.42.51.81
Hobard,Bircher,hbircherqb@technorati.com,Genderqueer,116.209.171.44
Geno,Phillips,gphillipsqc@dell.com,Non-binary,197.32.245.0
Nissa,Ilieve,nilieveqd@webmd.com,Bigender,82.194.161.130
Maurise,Iacoboni,miacoboniqe@ihg.com,Female,19.147.155.78
Amory,Westoll,awestollqf@networksolutions.com,Male,194.208.42.215
Junette,Dolan,jdolanqg@google.com,Genderfluid,3.113.141.95
Sheff,McKague,smckagueqh@yellowpages.com,Bigender,120.0.148.179
Teodora,Whyte,twhyteqi@java.com,Genderqueer,156.8.44.73
Kyle,Schuricht,kschurichtqj@bbb.org,Female,34.228.33.8
Britteny,Lillistone,blillistoneqk@google.com.br,Female,226.74.44.106
Margaretha,Masdon,mmasdonql@un.org,Bigender,63.247.77.17
Patrice,Minter,pminterqm@jiathis.com,Agender,241.122.4.221
Andonis,Rougier,arougierqn@harvard.edu,Genderfluid,252.47.17.53
Sadye,Fatkin,sfatkinqo@msn.com,Genderfluid,87.109.187.204
Nadia,Sibbons,nsibbonsqp@gov.uk,Non-binary,70.205.85.26
Shoshanna,Broose,sbrooseqq@fastcompany.com,Genderfluid,176.35.167.161
Robbert,Tarquini,rtarquiniqr@artisteer.com,Female,6.210.71.114
Shaine,Celli,scelliqs@icq.com,Genderqueer,207.87.126.239
Leonhard,Duesbury,lduesburyqt@shareasale.com,Genderqueer,49.162.78.36
Odille,Quest,oquestqu@nasa.gov,Bigender,26.216.137.199
Genna,Toolin,gtoolinqv@elpais.com,Non-binary,195.169.55.145
Bert,Berard,bberardqw@ucla.edu,Agender,69.204.237.46
Farrel,Platt,fplattqx@vimeo.com,Genderfluid,233.193.7.174
Cecilla,Cornforth,ccornforthqy@liveinternet.ru,Agender,251.204.121.206
Alia,Gladbach,agladbachqz@google.it,Polygender,230.130.194.75
Giulietta,Pennycock,gpennycockr0@cisco.com,Genderqueer,53.95.140.167
Gaven,Maliphant,gmaliphantr1@columbia.edu,Female,186.178.242.207
Chevalier,Edgson,cedgsonr2@twitpic.com,Agender,60.203.73.10
Aleta,Collecott,acollecottr3@cdc.gov,Female,70.193.141.207
Clevie,Fonquernie,cfonquernier4@slideshare.net,Non-binary,74.16.31.239
Odilia,Baiyle,obaiyler5@netlog.com,Genderqueer,154.63.56.212
Leanor,Mowles,lmowlesr6@bing.com,Female,22.107.132.52
Michaeline,Dignall,mdignallr7@omniture.com,Genderfluid,9.16.128.207
Debbie,Imeson,dimesonr8@adobe.com,Genderqueer,171.135.16.160
Abe,Prinett,aprinettr9@imgur.com,Bigender,47.205.221.196
Antin,Martina,amartinara@hp.com,Genderqueer,83.27.91.227
Muffin,Kleine,mkleinerb@netvibes.com,Genderfluid,86.221.4.178
Cacilia,Tyndall,ctyndallrc@clickbank.net,Genderfluid,202.169.129.88
Terrie,Regina,treginard@google.es,Genderqueer,57.238.20.105
Petra,Caddick,pcaddickre@mozilla.org,Male,153.36.134.206
Frannie,Drohun,fdrohunrf@simplemachines.org,Non-binary,78.107.236.40
Gisella,Vango,gvangorg@google.pl,Agender,124.238.253.207
Elsie,McGavin,emcgavinrh@spiegel.de,Non-binary,141.131.228.110
Moore,Fearon,mfearonri@creativecommons.org,Male,75.114.59.109
Elnar,Doggrell,edoggrellrj@mediafire.com,Polygender,90.51.224.216
Jared,Thorpe,jthorperk@cisco.com,Bigender,7.197.5.240
Kirbee,Chartman,kchartmanrl@opera.com,Female,223.227.227.212
Angel,Zuanelli,azuanellirm@aol.com,Genderqueer,124.137.48.138
Fenelia,Armfirld,farmfirldrn@aol.com,Genderqueer,140.108.233.6
Yurik,O'Reilly,yoreillyro@artisteer.com,Agender,67.142.199.77
Peirce,Skellen,pskellenrp@ocn.ne.jp,Agender,219.239.191.204
Olga,Bromet,obrometrq@tripod.com,Bigender,135.212.139.229
Rayshell,Saffrin,rsaffrinrr@gravatar.com,Male,188.155.156.131
